tipo,nombre,codigo,sede
genero,Novela,,
genero,Ciencia Ficcion,,
genero,Fantasia,,
genero,Terror,,
genero,Historia,,
genero,Biografia,,
genero,Poesia,,
genero,Infantil,,
genero,Tecnologia,,
genero,Ensayo,,
editorial,Planeta,,Buenos Aires
editorial,Sudamericana,,Buenos Aires
editorial,Alfaguara,,Madrid
editorial,Anagrama,,Barcelona
editorial,Minotauro,,Barcelona
editorial,Paidos,,Buenos Aires
editorial,Salamandra,,Barcelona
editorial,Losada,,Buenos Aires
editorial,Kapelusz,,Buenos Aires
editorial,Alianza,,Madrid
moneda,Peso Argentino,ARS,
moneda,Dolar Estadounidense,USD,
moneda,Euro,EUR,
moneda,Real Brasileno,BRL,
moneda,Peso Chileno,CLP,
moneda,Peso Uruguayo,UYU,
moneda,Libra Esterlina,GBP,
moneda,Yen Japones,JPY,
moneda,Yuan Chino,CNY,
moneda,Peso Mexicano,MXN,
tipo_cotizacion,Oficial,,
tipo_cotizacion,Blue,,
tipo_cotizacion,MEP,,
tipo_cotizacion,CCL,,
tipo_cotizacion,Mayorista,,
tipo_cotizacion,Turista,,
tipo_cotizacion,Tarjeta,,
tipo_cotizacion,Cripto,,
tipo_cotizacion,Ahorro,,
tipo_cotizacion,Minorista,,