isbn,titulo,autor,genero,editorial,precio,moneda,fecha_vigencia,stock
9789500000001,El Principito,Antoine de Saint-Exupery,Infantil,Planeta,15000,ARS,2026-09-01,10
9789500000002,1984,George Orwell,Ciencia Ficcion,Sudamericana,18000,ARS,2026-09-01,8
9789500000003,El Hobbit,JRR Tolkien,Fantasia,Alfaguara,22000,ARS,2026-09-01,15
9789500000004,It,Stephen King,Terror,Anagrama,25000,ARS,2026-09-01,6
9789500000005,Sapiens,Yuval Noah Harari,Historia,Minotauro,21000,ARS,2026-09-01,12
9789500000006,Steve Jobs,Walter Isaacson,Biografia,Paidos,24000,ARS,2026-09-01,5
9789500000007,Veinte poemas de amor,Pablo Neruda,Poesia,Salamandra,14000,ARS,2026-09-01,20
9789500000008,Matilda,Roald Dahl,Infantil,Losada,16000,ARS,2026-09-01,14
9789500000009,Python para todos,Charles Severance,Tecnologia,Kapelusz,30000,ARS,2026-09-01,9
9789500000010,El arte de pensar,Rolf Dobelli,Ensayo,Alianza,19000,ARS,2026-09-01,7